"id_menage","nom_chef","latitude","longitude","photo_mild"
1,"Nestor Hammes PhD",-4.8566,15.3522,"1.jpg"
2,"Rosalee Gaylord",-4.52,15.405,"2.jpg"
3,"Ezzard Nikolaus MD",-4.5074,15.1276,"3.jpg"
4,"Dr. Iridian Hegmann",-4.8688,15.2093,"4.jpg"
5,"Orlo Sauer",-4.1566,15.4522,"5.jpg"
6,"Dixon Murazik-Dibbert",-4.42,15.305,"6.jpg"
7,"Denese Farrell",-4.1074,15.2276,"7.jpg"
8,"Sage Tillman",-4.2688,15.5093,"8.jpg"
9,"Annmarie Ondricka MD",-4.1574,15.475,"9.jpg"
10,"Linwood Harris",-4.4688,15.3876,"10.jpg"
